<?xml version="1.0" encoding="UTF-8"?>

<configuration>

    <appender name="FILE" class="ch.qos.logback.core.rolling.RollingFileAppender">
        <file>logs/${LOG_FILE_NAME}.log</file>
        <rollingPolicy class="ch.qos.logback.core.rolling.TimeBasedRollingPolicy">
            <!-- daily rollover -->
            <fileNamePattern>logs/${LOG_FILE_NAME}.%d{yyyy-MM-dd}.log.gz</fileNamePattern>
            <!-- keep 90 days' worth of history -->
            <maxHistory>90</maxHistory>
        </rollingPolicy>
        <encoder>
            <pattern>%d{HH:mm:ss.SSS} [%thread] %-5level %logger{36} - %msg%n</pattern>
        </encoder>
    </appender> 

    <root level="DEBUG">
        <appender-ref ref="FILE" />     
    </root>

</configuration>